{
    "accuracy": 0.7824337121212122,
    "loss": 0.9585171247522036
}