{
    "accuracy": 0.8344223484848484,
    "loss": 0.6506382652868827
}