{
    "accuracy": 0.8310846560846561,
    "loss": 0.6372286185385689
}